id;organisation_id;code;designation;reference;validity;remarque
1;3;CREDR002;REDRESSEUR FREIN MOTEUR SCHAD;;1;
2;3;CJOIN0011;JOINT RECTANGULAIRE BLANC COUVERCLE MARMITE MAURER;13612 BAUR;1;
3;3;CINTE0030;INTERRUPTEUR SECURITE TRANCHEUR BIRO ASPICS;BNS260-11Z 101188408;1;
4;3;CAIMA0009;AIMANT TRANCHEUR BIRO ASPICS/POLYCLIP PDCA600;BPS260-1 101184395;1;
5;3;CCENT0017;CENTRALE SECURITE TRANCHEUR BIRO ASPICS;101128796;1;
6;3;CAIMA0021;AIMANT CAPTEUR SECURITE ALLEN BRADLEY INJECTEUSE STALE IS600-102;ALLEN BRADLEY 440N-Z18SST INOX;1;
7;3;CAIMA0022;AIMANT CAPTEUR SECURITE ALLEN BRADLEY INJECTEUSE STALE IS600-102;ALLEN BRADLEY 440N-Z18PT PLASTIQUE;1;
8;3;CCAPT0016;CAPTEUR SECURITE IS600-102;ALLEN BRADLEY 440N-721S16H;1;
9;3;CAXE.0065;ROULEAU ENTRAINEMENT PAPIER ESPERA;21002;1;
10;3;CCART0073;CARTE ESPERA CPU MOTEUR MOSES2;345081;1;
11;3;CDOIG0006;DOIGT PRESSION ESPERA TETE ESD234;500037;1;
12;3;CVENT0013;VENTILATEUR ESPERA MICRONEL;D606M-024KA-3;1;
13;3;CROUL0229;ROULEMENT POUR PIVOT TORSIONNEUR HANDTMANN PVLH;LR5001 2RS INA;1;
14;3;CPIGN0049;MODULAIRE INJECTEUSE STALE;M12,5 2440 Q6 CFC;1;
15;3;CCAPT0017;CAPTEUR PRESSION SAUMURE IS600;WIKA S-20 part 14071141;1;
16;3;CDIST0028;DISTRIBUTEUR SMC INJECTEUSE STALE IS600/1S/125 N°IS600-102;SV2100-5FU;1;
17;3;CCLIP0001;CLIP PORTE INJECTEUSE STALE IS600;133906;1;
18;3;CTORI0139;JOINT TORIQUE INJECTEUSE STALE;86X2;1;
19;3;CTORI0140;JOINT TORIQUE STALE;0010X0001 VITON FPM70;1;
20;3;CAXE.0020;AXE ENFILEUR SCHAFFNER;3020024;1;
21;3;CCART0087;CARTE INTERFACE CELLULE ESPERA;345040;1;
22;3;CCOUR0116;COURROIE PESEUSE ESPERA;207S3M15 EFRAPO ;1;
23;3;CCOUR0124;COURROIE REENROULEUR ES5000 ESPERA;710914;1;
24;3;CFEUT0003;FEUTRE ESPERA DEPOSE AUTO;520418;1;
25;3;CNAPP0001;NAPPE TETE THERMIQUE ESPERA;MOYEU 2012/50 RC;1;
26;3;CTETE0040;TETE IMPRESSION ESPERA AUTO;566084/01501008;1;
27;3;CTAPI0044;ESPERA BLEU CLAIRE ADHERANT ;712402 ESPERA;1;
28;3;CTETE0041;TETE IMPRESSION ESPERA MANUEL;560385/01501003;1;
29;3;CFLAS0008;FLASQUE INOX REENROULEUR ES7000 ESPERA;466077;1;
30;3;CTAPI0043;ESPERA BLEU FONCE GLISSANT ;712402 ESPERA;1;
31;3;CTAPI0057;TAPIS ESPERA DESSOUS ETIQUETTE;712411 ESPERA;1;
32;3;CAXE.0072;AXE GRAPHITE BAS ESPERA;523464 ESPERA;1;
33;3;CAXE.0064;ROULEAU ENTRAINEMENT ETIQUETTE SUPERIEURE AXE GRAPHITE HAUT ESPERA;523420 ESPERA;1;
34;3;CGALE0045;GALET ENTRAINEMENT PAPIER ESPERA;520599;1;
35;3;CART 0090;CARTE;345060;1;
36;3;CAXE.0071;AXE ROULEAU RETOUR BANDE CONVOYEUR ESPERA;550360;1;
37;3;CPOIG0009;POIGNEE BOITE COUTEAUX CUTTER;237441 RADIOSPARES;1;
38;3;CAXE.0070;AXE TAPIS ESPERA;550359;1;
39;3;CAXE.0073;AXE CONVOYEUR AVEC VERIN SORTIE TIRO ESPERA;550374;1;
40;3;CMOTE0053;MOTEUR ESPERA COMPLET TAPIS ES 5000;550938;1;
41;3;CTAPI0050;TAPIS EJECTION ESPERA;712417;1;
42;3;CCELL0123;CELLULE PRESENCE ETIQUETTE EXTERIEUR REP10 ESPERA  TYPE ES5910 N° SERIE 2580101079 ESD234;21007;1;
43;3;CCOUR0128;COURROIE T2.5/380 LARGEUR 8 MM ENTRAINEMENT ETIQUETTES ESD524 ESPERA;710345;1;
44;3;CCART0077;CARTE ESPERA CAN BUS MII ESG154;345060;1;
45;3;CCART0078;CARTE ESPERA ALIMENTATION GENERALE;345241;1;
46;3;CCART0085;CARTE CELLULE + LIAISON CERAMIQUE ESPERA BAS/DESSOUS;560304;1;
47;3;CCART0086;CARTE BALANCE ESPERA;345100;1;
48;3;CCELL0138;CELLULE IMPRIMANTES ESPERA HAUT/DESSUS;560206;1;
49;3;CPRIS0021;PRISME OPTIQUE ESPERA;LEGRAND VOIR NOTES;1;
50;3;CSEPA0004;SEPARATEUR ETIQUETTES ESD524 ESPERA;520419;1;
51;3;CMODU0011;LEVIER MODULE ARBRE VERIN ROTATIF MACHINE CARTON MECASYTEME MS40T N°2686;FESTO DSM-25-270-P REF;1;
52;3;CJOIN0039;JOINT SILICONE ROUGE DIAMETRE 5 MM FORMAGE TIROMAT GEA;420681;1;
53;3;CJOIN0075;JOINT ROUGE SILICONE DIAMETRE 3MM SOUDURE TIROMAT;420683;1;
54;3;CAGRA0005;AGRAFE COURROIE TUBULAIRE ROUGE 10x4 MACHINE CARTON MECASYTEME MS40T N°2686;AGR7;1;
55;3;CCOUR0127;COURROIE TUBULAIRE ROUGE 10x4 MACHINE CARTON MECASYTEME MS40T N°2686;SXTR10;1;
56;3;CARBR0004;ARBRE VERIN ROTATIF MACHINE CARTON MECASYTEME MS40T N°2686;FESTO DSM-25-270-P REF 256909;1;
57;3;CMODU0008;MODULE ENCOLLAGE GENERATEUR C81 MACHINE CARTONS MECASYSTEME MS40T N°2686;P3ES ECHANGE STANDARD;1;
58;3;CCELL0143;CELLULE CONVOYEUR MACHINE CARTON MECASYTEME MS40T N°2686;SICK WL4S;1;
59;3;CKIT.0065;KIT AMORTISSEUR MACHINE CARTON MECASYTEME MS40T N°2686;FESTO DSM-16/25-P-B REF;1;
60;3;CMODU0010;MODULE SNP SIMPLE EFFET ROUGE + CALE P3AZC MACHINE CARTONS MECASYSTEME MS40T N°2686;P3M;1;
61;3;CTHER0019;THERMOFUSIBLE 216°C MACHINE CARTONS MECASYSTEME MS40T N°2686;C109;1;
62;3;CCOUR0126;COURROIE ORANGE AVEC AGRAFE;SXT103353;1;
63;3;CMODU0009;MODULE 2 ENTREES ANALOGIQUES 0/10 V CAPTEUR PRESSION CENTRALE VIDE;SCHNEIDER TM2AMI2HT;1;
64;3;CCAPT0022;CAPTEUR INDUCTIF M8 CONNECTEUR M12 4 BROCHES PORTEE 4 MM MACHINE CARTONS MECASYSTEME MS40T N°2686;SICK IME08-04NPSZCOS;1;
65;3;CDIAB0003;DIABOLO ALU POUR GUILLOTINE CA-G-602 MACHINE CARTONS MECASYSTEME MS40T N°2686;CA-G-007;1;
66;3;CGUIL0005;GUILLOTINE DISTRIBUTEUR DE COLLE VERSION 2018 MACHINE CARTONS MECASYSTEME MS40T N°2686;CA-G-602;1;
67;3;CFILT0072;FILTRE PISTOLET COMPLET AVEC BOUCHON MACHINE CARTONS MECASYSTEME MS40T N°2686;P012;1;
68;3;CCELL0152;PHOTOCELLULE SICK WTB4S-3P3461 MACHINE A CARTONS MECASYSTEME;1044809;1;
69;3;CVENT0014;VENTOUSE BLANCHE 2.5 SOUFFLET D60 SILICONE AVEC RACCORD MACHINE CARTON MECASYTEME MS40T N°2686;PCGR60SI;1;
70;3;CDETE0007;DETECTEUR CASSE BOYAU 13-17 HANDTMANN;893528;1;
71;3;CJOIN0159;JOINT DE ROTOR VF620-634;865214 SARMABO;1;
72;3;CRESS0125;RESSORT GENOUILLERE PVLH;839279 SARMABO;1;
73;3;CJOIN0161;JOINT DE TREMIE VF620 / VF612;9026973;1;
74;3;CCOUR0105;COURROIE PAPILLON PVLH;DT5/410 16 PU ACIER;1;
75;3;CJOIN0160;JOINT DE TREMIE VF620;9026972 SARMABO ANC. REF891499;1;
76;3;CTORI0120;JOINT TORIQUE 75 SH VF620-634;827492 SARMABO;1;
77;3;CROUL0045;ROULEMENT FREIN BOYAU PVLH;6811 H 2RS EFRAPO;1;
78;3;CDETE0008;DETECTEUR CASSE BOYAUX 19-20;893530 HANDTMANN;1;
79;3;CBOUT0049;BOUTON CHAMPIGNON PVLH;101163572 SCHMERSAL;1;
80;3;CCLE.0001;CLE UNIVERSELLE INOX PVLH;;1;
81;3;CJOIN0169;JOINT D ACCOUPLEMENT FLEXIBLE;QUADRING 853103;1;
82;3;CRACL0015;RACLEUR BANDE INFERIEUR PVLH;855576;1;
83;3;CELEM0001;"ELEMENT DE CONTACT ""NF""  SCHMERSAL PVLH";SYJ7220-LOU-01F-Q/RS 388-6879;1;
84;3;CELEM0002;"ELEMENT DE CONTACT ""NO""SCHMERSAL PVLH";101006540/EF03.3;1;
85;3;CFREI0014;FREIN BOYAU PVLH  DIAM.17;848111;1;
86;3;CFREI0019;FREIN 14 MOU PVLH;9009949;1;
87;3;CFREI0015;FREIN BOYAU PVLH  DIAM.14;848307;1;
88;3;CFREI0018;FREIN 17 MOU PVLH;9009951;1;
89;3;CFREI0021;FREIN BOYAU PVLH DIAM. 12;9023801;1;
90;3;CJOIN0176;JOINT COL DE CYGNE PVLH;841572 SARMABO;1;
91;3;CCOUR0115;COURROIE FREIN BOYAU PVLH;890748 SARMABO  / 16AT5/610;1;
92;3;CCROC0002;CROCHET POUR ACCROCHEUR;865368 SARMABO;1;
93;3;CCOUR0117;COURROIE PVLH;20AT5/375;1;
94;3;CCOUR0119;COURROIE GUID.COURTE INOTEC;35110320720A;1;
95;3;CVIS.0038;VIS PLASTIQUE PVLH;835638;1;
96;3;CCOUR0114;COURROIE POUR BANDE TRANSPORT PVLH;AT5/330 16 M /847161;1;
97;3;CCOUR0118;COURROIE PVLH HANDTMANN;25T5/750DL/847989;1;
98;3;CCART0068;CARTOUCHE DE GRAISSE POLYCLIP;169009 SARMABO;1;
99;3;CBAGU0077;BAGUE IGUS POLYCLIP GLISSIERE PORTIONNEUR;JSM-2528-20;1;
100;3;CCONT0058;CONTACTEUR AB CUTTER ALPINA;CAB6-170EI1114 REF;1;
101;3;CRELA0001;RELAIS DE SECURITE PBV540;518353;1;
102;3;CCONT0057;CONTACT AUXILIAIRE LATERAL GAUCHE O+F CONTACTEUR AB CUTTER ALPINA;ANCIENCAB6-P1-11/nelle 100-ES1-11;1;
103;3;CCONT0073;CONTACT INTERCHANGEABLE ALPINA;100DCE180;1;
104;3;CVIS.0019;VIS ELEVATEUR CUTTER ALPINA PBV540;A257140;1;
105;3;CBAGU0085;BAGUE IR45X52X22 C3;716104;1;
106;3;CROUL0163;ROULEMENT 52/68/22;6202 2RS1 C3 JEUX AUGMENTE;1;
107;3;CROTU0006;ROTULE ELEVATEUR CUTTER ALPINA;GIR17UK;1;
108;3;CBOUT0055;SELECTEUR CUTTER MANUEL;A513296/BACO: N63764B/LEGRAND 200101;1;
109;3;CBOUT0068;INTERRUPTEUR A CAMES COUTEAUX 3 +KG-1 ALPINA;A513294/BACO: N65670/LEGRAND 200162;1;
110;3;CKIT.0060;KIT JOINT VERIN CUTTER ALPINA;;1;
111;3;CJOIN0017;JOINT VIDE CUVE CUTTER ALPINA PBV540;A736173 REP480 PAGE56288;1;
112;3;CJOIN0049;JOINT HUBLOT CUTTER PBV540;256424 REP130 PAGE56279/00;1;
113;3;CJOIN0179;JOINT COUVERCLE COUT. CUTTER;A738121;1;
114;3;CBOUC0003;BOUCHON VIS CUTTER PBV540;A269515  REP.105 PAGE56293;1;
115;3;CSOND0007;SONDE TEMPERATURE PATE CUTTER PBV540;540011;1;
116;3;CBOUT0072;INTERRUPTEUR A CAMES VIDE CUVE / ;A513124;1;
117;3;CRELA0059;RELAI THERMIQUE CUTTER ALPINA;LRD10 4-6A LEISSNER;1;
118;3;CBOUC0005;BOUCHON CUTTER PBV540;269331;1;
119;3;CBOUT0072;INTERRUPTEUR A CAMES VIDE CUVE / COUVERCLE CUTTER ALPINA;A513124;1;
120;3;CCELL0001;CELLULE DETECTEUR INDUCTIF POLYCLIP PDCA 600  SARMABO;182264/IFM IGT208;1;
121;3;CDIST0001;DISTRIBUTEUR POLYCLIP PDCA 600;207216 SARMABO;1;
122;3;CDIST0005;DISTRIBUTEUR POLYCLIP PDCA 600;197781 SARMABO;1;
123;3;CMATR0002;PAIRE DE MATRICE POLYCLIP PDCA 600;105286 SARMABO;1;
124;3;CPOIN0002;POINCON DROIT PDCA 600;203587 SARMABO;1;
125;3;CPOIN0003;POINCON GAUCHE PDCA 600;203588 SARMABO;1;
126;3;CNOUE0002;BEC NOUEUR SCHAD;NOUEUR SCHAD REP 34+35;1;
127;3;CCELL0006;CELLULE FIN CYCLE SCHAD;110890;1;
128;3;CVOYA0013;ELEMENT VOYANT M22-LEDC-W BLANC;EATON EON 000216560//RS;1;
129;3;CTETE0054;TETE BP AFFLEURANT VERT M22-D-G;EATON 000216596;1;
130;3;CTETE0055;TETE VOYANT LUMINEUX BLANC EATON M22-L-W;EATON 000216771;1;
131;3;CCOUT0007;COUTEAU SCHAD;110452;1;
132;3;CROUL0001;ROULEMENT 10/30/14 62200 2RS SCHAD;62200 2RS1;1;
133;3;CCONT0025;CONTACT NF CHAMPIGNON SCHAD/CONVOYEUR A PALETTE;EATON M22-KC01;1;
134;3;CPLAQ0009;PLAQUE INCURVE SCHAD REP 37;110370;1;
135;3;CVIS.0010;VIS SERRAGE NOEUD SCHAD;110400;1;
136;3;CPIGN0048;PIGNON ROTATION BEC SCHAD;110420;1;
137;3;CPIGN0022;PIGNON ROTATION COUTEAU SCHAD;410;1;
138;3;CPALI0005;PALIER AXE FICELLEUSE SCHAD;YSY20FM;1;
139;3;CECRO0008;ECROU LAITON SERRAGE NOEUD;REP.34 SCHAD;1;
140;3;CENFI0001;ENFILEUR SCHAD TIRE FILE;110039;1;
141;3;CRESS0097;RESSORT PINCE SCHAD;110180;1;
142;3;CRESS0060;RESSORT SERRAGE NOEUD SCHAD ;RESSORT REP38 REF110380;1;
143;3;CRESS0061;RESSORT FREIN FICELLE SCHAD;110600 REP60;1;
144;3;CAIGU0001;AIGUILLE SCHAD;110035;1;
145;3;CPINC0002;PINCE  ATTRAPE FIL SCHAD;PINCE COMPLETE REP 6 110060;1;
146;3;CGALE0002;GALET TEFLON SCHAD;110525;1;
147;3;CCAME0003;CAME OUVERTURE PINCE SCHAD;CAME REP13 REF110130;1;
148;3;CROUL;ROULEMENT 6300 2RS;SCHAD;1;
149;3;CCONT0026;CONTACT NO SCHAD + DOSEUSE/CONVOYEUR A PALETTE;EATON M22-KC01;1;
150;3;CRELA0023;RELAIS DOLD SCHAD ;111060 REF SARBORO;1;
151;3;CBOUT0004;BOUTON CHAMPIGNON SCHAD;FAK-S/KC11/I LEISSNER;1;
152;3;CKIT.0045;KIT JOINT VERIN CUVE 106;16157M 108704;1;
153;3;CBOUT0002;BOUTON POUSS.PNEU.VC10 NOIR;BACOC21AD03;1;
154;3;CBOUT0006;BOUTON POUSS. PNEU.VC10 ROUGE;BACOC21AD01;1;
155;3;CBOBI0048;BOBINE ASCO POUR VC10;43004166 / RS278-4463;1;
156;3;CCELL0127;CELLULE INDUC COUVERCLE VC10;XS108B3PAL21;1;
157;3;CVOYA0002;VOYANT PNEUMATIQUE ROUGE VC10;Y5055381;1;
158;3;CVOYA0001;VOYANT PNEUMATIQUE VERT VC10;Y5055380;1;
159;3;CTEMP0001;TEMPO PNEUMATIQUE REG.CUVE 106;12745D;1;
160;3;CPLAQ0038;PLAQUE DE GUIDAGE CUVE 106;300078K OU 41846-0;1;
161;3;CAUTO0001;AUTOMATE LOGO SIEMENS;6ED1052-1HB00-0BA4 SIEMENS;1;
162;3;CELEC0015;ELECTRVANNE ENTRE EAU CUVE106.;57647K;1;
163;3;CGALE0014;GALET LATERAL PANIER CUVE106;300071C REP8 PAGE3;1;
164;3;CPIGN0046;PIGNON 15 DENTS TAPIS CUVE 106;323641X OU 41843-0;1;
165;3;CENTR0014;ENTRETOISE POSITIONNEMENT TAPI;300081N OU 41866-0;1;
166;3;CGALE0013;GALET CENTRAL PANIER CUVE106;300138A REP6 PAGE3;1;
167;3;CPIGN0045;PIGNON ENTRAINEMENT TAPIS CUVE;300101K OU 32196-0;1;
168;3;CSUPP0045;SUPPORT ROULEMENT TAPIS CUV106;300082P OU 41853-1;1;
169;3;CARBR0002;ARBRE ENTRAINEMENT VC10;16237Z OU 40239-0;1;
170;3;CGOUP0009;GOUPILLE TETE VC10 5X17mm;40180-0 TAB11B REP4-5;1;
171;3;CGUID0025;GUIDE POUR TETE AGRAFFE VC10;24231N OU Y3200185;1;
172;3;CRESS0083;RESSORT CLAPET VIDE BLOC VC10;Y3200168;1;
173;3;CTAQU0003;TAQUET TETE AGRAF. VC10;08480S OU Y2700075;1;
174;3;CRESS0118;RESSORT TETE AGRAFFE VC10;24108E OU Y3200163;1;
175;3;CVIS.0033;VIS BOUT ROND TETE AGRAF. VC10;24097S OU Y2700060;1;
176;3;CCELL0040;CELLULE PNEUMA.- NON- VC10;81504025 CROUZET Y 5030350;1;
177;3;CJOIN0131;JOINT LEVRE PISTON BLOC VIDE;24145V/29324145V;1;
178;3;CKIT.0031;JOINT VERIN MAGASIN AGRAFFE CKIT;47894J VC10;1;
179;3;CREDU0001;REDUCTEUR DE DEBIT VC10;81526001;1;
180;3;CRESS0102;RESS.DROIT PRE-MACHOIRE VC10;24141Q 40559;1;
181;3;CRESS0103;RESS.GAUCHE PRE-MACHOIRE VC10;Y3200187;1;
182;3;CTORI0122;JOINT TORIQUE TETE AGRAFFE;Y6510293;1;
183;3;CTORI0123;JOINT TORIQUE TETE AGRAF. VC10;Y6510286;1;
184;3;CCOUR0072;ETIQUETEUSE MODELE E150A 140XL;120XL037;1;
185;3;CAMOR0002;AMORTISSEUR VERIN CLOCHE CRYOVAC VC10;24138M TAB9 REP11;1;
186;3;CRELA0021;RELAIS A MEMOIRE PNEUMATIQUE VC10;10627B REF CROUZET 81523601;1;
187;3;CCOUV0003;COUVERCLE VANNE VIDE VC10;Y2700062;1;
188;3;CSUPP0035;SUPPORT GAUCHE TAPIS VC10;44035P 40652;1;
189;3;CEMBA0002;EMBASE/DISTRIBUT.PNEU.VC10;13537P;1;
190;3;CFIN.0005;Fdc PNEU.FESTO VC10;TAB9 REP30 Y5005106;1;
191;3;CSUPP0019;SUPPORT CONVOYEUR SORTIE VC10;40651 TAB10 REP5;1;
192;3;CMODU0001;MODULE DE COMMUT. BP VC10;CROUZET 89543501;1;
193;3;CPOUS0004;POUSSE CLIP TETE VC10;24204J TAB12A REP52;1;
194;3;CDIST0013;DISTRIBUTEUR A TIROIR 5/2 VC10;54101019M EFRAPO;1;
195;3;CGUID0003;GUIDE LATERAL TETE VC10;32015Z 40181-1 TAB11B REP4-2;1;
196;3;CHUBL0002;HUBLOT CLOCHE VC10;24137L TAB9 REP13;1;
197;3;CVERI0031;VERIN DOUBLE EFFET BL19;9667 FESTA;1;
198;3;CCAME0007;CAME TETE AGRAFFE VC10;40554-0;1;
199;3;CTETE0019;TETE OUVRE BOITE 152-54mm;TETE OUVRE BOITE 152-54mm;1;
200;3;CHUBL0003;HUBLOT CLOCHE VC10;24136K    TAB9 REP 14;1;
201;3;CSUPP0018;SUPPORT TEFLON ROULEAU VC10;04593S TAB7 REP2;1;
202;3;CJOIN0141;JOINT EN U DE PISTON TETE VC10;24240Y OU Y6518943;1;
203;3;CBAGU0028;BAGUE LAITON MACHOIRE VC10;24103Z OU Y3200132;1;
204;3;CAXE.0018;AXE FILETE TETE VC10;24100W TAB11B REP36;1;
205;3;CMATR0001;MATRICE Z200 CRYOVAC VC10;24237V OU Y3200045;1;
206;3;CLEVI0007;LEVIER DETECTION CLIP CRYOVAC VC10;24081A OU Y2700064;1;
207;3;CROUL0174;ROULEAU POUR TETE VC10;24096R OU Y3200140;1;
208;3;CPOUS0003;POUSSOIR TETE CRYOVAC VC10 Z200;24233Q TAB11B REP114;1;
209;3;CAXE.0052;AXE POUR TETE VC10;24111H OU 3200129;1;
210;3;CEXEN0002;AXE EXENTRIQUE TETE VC10;24098 T OU Y3200154;1;
211;3;CAXE.0051;AXEPOUR TETE VC10;24118Q OU Y3200128;1;
212;3;CGALE0026;GALET POUR TETE VC10;24099V OU Y3200138;1;
213;3;CALIM0005;ALIMENTATION 12V DC 5A HANDTMANN PVLH;899194 SARMABO;1;
214;3;CTOLE0015;TOLE VF612 ORIFICE DE VIDE HANDTMANN;9000902 VF612/VF616;1;
215;3;CAXE.0069;VIS TENSION COURROIE PAPILLONS;842302 HANDTMANN PVLH;1;
216;3;CBOUT0063;BOUTON TOURNANT REGLAGE VIDE;HANDTMANN 834868;1;
217;3;CJOIN0189;JOINT BOUCHON REGLAGE VIDE;HANDTMANN 822412;1;
218;3;CROND0065;RONDELLE CALAGE;HANDTMANN 830679;1;
219;3;CCELL0147;CELLULE RECEPTEUR SCHMERSAL SLB200-R31-21 ELIONA;SCM101138922;1;
220;3;CCELL0148;CELLULE EMETTEUR SCHMERSAL SLB200-E31-21 ELIONA;SCM101138921;1;
221;3;CINTE0032;CAPTEUR SECURITE SCHMERSAL PORTES ELIONA;MK330-11Y-M20 101163173;1;
222;3;CBRID0008;BRIDE POUR BUSES LAVE INOX;CRETEL / ELIONA  I1350412;1;
223;3;CBUSE0017;BUSE VERTE LAVE INOX;CRETEL / ELIONA  I1350425;1;
224;3;CBUSE0016;BUSE JAUNE LAVE INOX;CRETEL / ELIONA  I1350441;1;
225;3;BOUTON;BOUTON D ARRET D URGENCE ?;;1;
226;3;CCOUR0109;COURROIE DE TRANSPORT PVLH;;1;
227;3;CELEC0060;ELECTROVANNE BURKERT 6213EV G3/8 DN10 LAITON 24VDC EAU PAPILLON HANDTMANN PVLH;00221598/1237590;1;
228;3;CCONE0003;CONE DE SERRAGE PIGNON SYNCHRONE PVLH HANDTMANN BLOC PAPILLON;844186;1;
229;3;CPIGN0050;PIGNON SYNCHRONE PVLH BLOC PAPILLON;843219;1;
230;3;CCELL0151;DETECTEUR INDUCTIF PORTEE 4 MM WENGLOR GENOUILLIERE PVLH HANDTMANN;I12H038/843235;1;
231;3;CCABL0027;CORDON DROIT M12 4 FILS 5M LUMBERG-ETA GENOUILLIERE PVLH HANDTMANN;RKT42255M/11356-RKT 4-AA343;1;
232;3;CCELL0150;DETECTEUR INDUCTIF COMMUTATION AUGMENTEE WENGLOR GENOUILLIERE PVLH HANDTMANN;I12H005;1;
233;3;CJOIN0116;JOINT ETANCHEITE RACK ELECTRONIQUE POUSSOIR VF200 VF300;839213  REMPLACE 838338;1;
234;3;CRESS0135;RESSORT PEDALE CHARGEUR POUSSOIR HANDTMANN VF200 VF300;823251;1;
235;3;CCLAP0009;CLAPET ANTI RETOUR 3/4 LAITON L58MM SYSTEME NETTOYAGE MAURER;167483;1;
236;3;CECRO0020;ECROU PRISONNIER M6 INOX CAPOT HANDTMANN PVLH;841057;1;
237;3;CJOIN0202;JOINT TUNNEL PVLH226 N°2 DIAM16 MM PETIT HANDTMANN;9033554/894126 ;1;
238;3;CCELL0013;CELLULE PSEN MA1.3B-23 POLYCLIP PDCA 600;207142 SARMABO;1;
239;3;CCABL0031;CABLE RESOLVER HANDTMANN FICHE RONDE 12 PINS / SUB 9 PINS;890164;1;
240;3;CJOIN0203;JOINT TUNNEL PVLH226 N°1 DIAM26 MM HANDTMANN;9033540/894102;1;
241;3;CACCO0023;ACCOUPLEMENT MOTEUR PAPILLONS PVLH226 HANDTMANN;9003529;1;
242;3;CPAPI0001;PAPILLON A1 SEPARATEUR SAUCISSE PVLH;891441 HANDTMANN;1;
243;3;CPAPI0002;PAPILLON A2 SEPARATEUR SAUCISSE PVLH;891442 HANDTMANN;1;
244;3;CPIGN0054;PIGNON ROUE DENTEE HANDTMANN;848363;1;
245;3;CCELL0075;CELLULE POSITION COUTEAU TREIF  PUMA CE1100EB/PHOENIX120CE;32997 PUMA/PHOENIX;1;
246;3;CCOUR0075;COURROIE AVANCE PINCE PUMA;56991/EFRAPO T10 LONG;1;
247;3;CCOUR0037;COURROIE TRANSPORT NOIR KNECHT;3000X50/416A-11-0578;1;
248;3;CCAPT0021;CAPTEUR STEUTE ES95SB 1O/1S 10 MM MACHINE GENDARME;1053404;1;
249;3;CCOUR0001;COURROIE TRANSPORT NOIRE ;AA352;1;
250;3;CCOUR0015;COURROIE AVEC TAQUETS KNECHT PORTIONIERBAND T10 1080X32;AB222;1;
251;3;CGALE0036;GALET TRANSP COURROIE KNECHT;GEGENRAD OBEN;1;
252;3;CPOTE0003;POTENTIOMETRE 220Kohm VS90.;127024;1;
253;3;CVACU0001;VACUOSTAT CLOCHE VS90.;73002A/5055605;1;
254;3;CJOIN0088;JOINT PISTON VIDE VS90.;Y6526145;1;
255;3;CMEMB0003;MEMBRANE DE SOUD. VS90.;Y2523320;1;
256;3;CRELA0010;RELAIS TEMPORISE 6 sec.VS90.;48637R/0148072;1;
257;3;CROUE0007;ROUE RESIS.SOUDURE BAS VS90.;Y3024328;1;
258;3;CBAGU0009;BAGUE POLYAM.POUR ROUE VS90.;Y3024329;1;
259;3;CROND0038;RONDELLES ISOLANTE SOUD.VS90;Y30224309;1;
260;3;CRESS0087;RESSORT COUTEAU VS90.;3019464;1;
261;3;CJOIN0022;JOINT LEVRE 8*16*6 EAU VS90.;94223R/6518422;1;
262;3;CRESS0047;DECOLLEUR SAC BARRE SOUD.VS90.;87268G/3021752 Y3021752;1;
263;3;CPIPE0001;PIPE CIRCULATION D'EAU VS90.;29858E/3023610;1;
264;3;CJOIN0040;JOINT DILAG VANNE VIDE VS90.;81237B/6522028;1;
265;3;CJOIN0090;JOINT LEVRE MEMBRANE SOUD. V90;6518423;1;
266;3;CVIS.0016;VIS GUIDAGE DECOLEUR SAC VS90.;411687;1;
267;3;CGOUP0002;GOUPILLES DECOLEUR SAC VS90.;39031A/3022070 Y3022070;1;
268;3;CRESI0009;RESISTANCE CUVE ST77;13150;1;
269;3;CCAPO0001;CAPOT CONNECTEUR 6 PLOTS;1788100000 HDC;1;
270;3;CCAPO0003;CAPOT PRISE PALAN A 2 ERGOTS;EPIC H-A 10 TG16 10446100/47559018;1;
271;3;CCONN0004;CONNECTEUR RECTANGULAIRE A VISSER 6 PLOTS EPIC;HDCHE6FS\120020000FEMELLE;1;
272;3;CCONN0014;CONNECTEUR A VISSER 10 P MALE;1203900000 10 PLOTS MALE;1;
273;3;CCONN0015;CONNECTEUR A VISSER 10 P FEM;10193000 10 PLOTS FEMELLE;1;
274;3;CEMBA0007;EMBASE HDC CLIPPEUSE POUSSOIR;1202500000 HDC 6P;1;
275;3;CINTE0012;INTERRUPTEUR TRANCHEUR WEBER;TE VO + VZ11 + KCF1PZ;1;
276;3;CROTU0005;ROTULE VERIN TABLE WEBER.;773165  GAUCHE;1;
277;3;CROUL0089;ROULEAU MOT.BALANCE WEBER.;7150166;1;
278;3;CCELL0025;DETECTEUR CLAPET EJECTION WEBER;270907 >>FESTO 151668;1;
279;3;CCOUR0048;COURROIE TETE COUTEAU WEBER.;1804401 WEBER;1;
280;3;CCOUR0049;COURROIE SYNCHRONE NEOPRENE TETE COUTEAU WEBER;180402;1;
281;3;CCOUR0057;COURROIE CONVOYEUR WEBER;79633305071;1;
282;3;CCOUR0045;COURROIE BLANCHE PLATE WEBER;180413     S4.5M252  LARG 15mm;1;
283;3;CCOUR0046;COURROIE RONDE WEBER SILICONE O-RING ID = 170 D = 5 60* SHORE;180709;1;
284;3;CAFFI0005;AFFICHEUR SEC.TRANCHEUR WEBER;6AV2123-2DB03-0XA0 V-H8 A41627;1;
285;3;CCAPT0019;CAPTEUR SECURITE SCHMERSAL BNS260-11ZG-L5M;101216530;1;
286;3;CELEC0004;ELECTROVANNE CLAPET WEBER.;PRESTO  REF 90321;1;
287;3;CACCO0010;ACCOUPLEMENT MOTEUR/VIS SANS FIN WEBER SLICER CCS7000;702306;1;
288;3;CPARA0002;PARACHUTE WEBER;891442 HANDTMANN;1;
289;3;CRESS0046;RESSORT TABLE WEBER.;T753343001;1;
290;3;CELEC0066;ELECTROVANNE SMC TRANCHEUR WEBER GRIFFES LIGNE MULTIVAC R245;80260113040;1;
291;3;CBOUT0062;BOUTON LUMINEUX SCHMERSAL POUR WEBER;NDLWS 101162104;1;
292;3;CCONT0065;CONTACT SCHMERSAL NO WEBER;EF03,2/SCM101006539;1;
293;3;CCONT0077;CONTACT SCHMERSAL 1 NO WEBER;EFK03,1 101022272;1;
294;3;CCELL0045;FIN DE COURSE HAUT/BAS WEBER.;WEBER131301/IFM 5493 remplacé par IFS286;1;
295;3;CCELL0046;CELLULE TETE COUTEAU WEBER;131303/IFM IF5297 IFA3002BPKG;1;
296;3;CPIGN0053;PIGNON INOX ROUE DENTEE SERVOMOTOR DS45;MULTIVAC 200152017;1;
297;3;CINTE0029;INTERRUPTEUR SECURITE EX-BNS180-12Z-2187-2-3G/D 10,0M;;1;
298;3;CCOUR0044;COURROIE CRANTEE WEBER;902885   PAGE 56 REP 39;1;
299;3;CCOUR0110;COUR CRANT SORTIE TIROMAT  180XL LARG 11MM;;1;
300;3;CPIER0001;PIERRE A AFFUTER WEBER.;BASCULE BERKEL INJECT STAR;1;
301;3;CPIER0002;PIERRE A AFFUTER  ROSE WEBER;81932112040;1;
302;3;CPIER0003;PIERRE A AFFUTER GRIS WEBER;190021 MOYEN;1;
303;3;CLUBR0002;LUBRIFICATEUR ROOTS PANDA.;17OO3BP;1;
304;3;CRELA0024;MINI RELAIS 24V VS90.;85631512550;1;
305;3;CFIN.0023;FLOTTEUR NIVEAU ST77  CUVE106;98770J  841543 RS7621036;1;
306;3;CCONT0078;CONTACTEUR SIEMENS 7.5 KW 1NO+1NF 230V AC MARMITE;3RT2025-1AP00 SIE3149169;1;
307;3;CCONT0016;CONTACTEUR SIEMENS 220V 7NO + 1 NC FUMOIR GV;3TH4271-OAPO;1;
308;3;CBLOC0007;BLOC ANTI-PARASITE SIEMENS-ABT;3RT19161CD00  RC 127-240VAC;1;
309;3;CRELA0049;RELAIS THERMIQUE SIEMENS-ABT;3RU11161FBO TOO.3,50-5,00A;1;
310;3;CCONT0080;CONTACTEUR SIEMENS 5.5KW 230V AC 2NO 2NC BORNES AUTO;3RH21222AP00;1;
311;3;CCONT0042;CONTACTEUR SIEMENS 4KW.;3RT10161BB41     NOUV. REF.;1;
312;3;CSTAR0001;STARTER 04-80W;ST111/CL 81809;1;
313;3;CSTAR0002;STARTER 4-22W;ST151/32140002;1;
314;3;CFICH0016;FICHE MALE 2P+T 16A AVEC PRESSE ETOUPE;LEGRAND 050441;1;
315;3;CCONT0008;CONTACT TELE.NO FIX. SUR TETE;ZB2BE101;1;
316;3;CCONT0009;CONTACT TELE NF FIX.SUR TETE;ZB2BE102;1;
317;3;CCONT0039;CONTACTEUR SIEMENS 11KW;LC1D18B7 SCHNEIDER;1;
318;3;CCONT0047;CONTACTEUR KLOCKNER MOELLER;DILA-40 24 VAC;1;
319;3;CCONT0035;CONTACT SECURI.BARRIERE VS90.;350888 REF RADIOSPARES;1;
320;3;CRELA0040;MINI RELAIS ELESTA VS90.;REP T2 SCHEMA ELECTRIQUE;1;
321;3;CCONT0030;CONTACT NO FIX SUR TETE NOUVEA;ZBE101;1;
322;3;CCONT0031;CONTACT NF FIX SUR TETE NOUVEA;ZBE102;1;
323;3;CCONT0052;CONTACT TELEMECANIQUE;ZENL1111;1;
324;3;CBOUT0035;BOUTON POUSSOIR TELEMECANIQUE;ZB4BA0;1;
325;3;CBOUT0038;TETE BP TELEMECANIQUE SANS MARQUAGE;ZB5AA0 SCHNEIDER;1;
326;3;CCAPS0001;CAPSULE B.P TELEMEC.ROUGE;ZBA4;1;
327;3;CCAPS0002;CAPSULE B.P TELEMEC.VERT;ZBA3;1;
328;3;CCAPS0003;CAPSULE B.P TELEMEC.NOIR;ZBA2;1;
329;3;CSUPP0047;SUPPORT VOYANT TELE.ZB5;ZBV6;1;
330;3;CCAPU0018;CAPUCHON VOYANT VERT;ZB4BV033;1;
331;3;CCAPS0004;;;1;
332;3;CAMPO0033;AMPOULE SIGNALISATION 30V 5W BA15D ORBITEC;117572;1;
333;3;CTETE0002;TETE BP ROUGE/MONTAGE CONTACT;TE ZB2BP4;1;
334;3;CTETE0003;TETE BP VERT / MONTAGE BOITIER;ZA2BP3;1;
335;3;CTETE0004;TETE BP Rge / MONTAGE BOITIER;ZA2BP4;1;
336;3;CCAPU0001;CAPUCHON TELE. POUR BP.ROUGE;ZB2BP014;1;
337;3;CCORP0002;PLUS VENDU PAR LEISSNER;ZB2BV6;1;
338;3;CTETE0033;TETE DE VOYANT TELE. JAUNE;ZB2BV05;1;
339;3;CTETE0015;TETE DE VOYANTS TELE ROUGE;ZB2BV04;1;
340;3;CCONT0005;CONTACT N.O.TELE.FIXATION PARK;XENL1121;1;
341;3;CCONT0010;CONTACT NF TELE FIXATION PARK;ZB2BE102;1;
342;3;CTETE0006;TETE TOURNANTE 2 POSITIONS A CROSSE TELEMECANIQUE;ZB4BJ2 SCHNEIDER;1;
343;3;CTETE0018;TETE TOURNANTE 3 POSITIONS A CROSSE TELEMECANIQUE;ZB4BJ3 SCHNEIDER;1;
344;3;CCONT0053;CONTACT TELEMECANIQUE;XENG1191;1;
345;3;CTETE0010;AR URGEN.MONTAGE FOND BOITIER;ZB5AS844;1;
346;3;CTETE0047;TETE METAL VOYANT ORANGE; SCHNEIDER ZB4BV053;1;
347;3;CBOUT0042;BOUTON POUSSOIR VERT TELEMECANIQUE;XB4BW33B5 SCHNEIDER;1;
348;3;CBOUT0043;BOUTON POUSSOIR ROUGE TELEMECANIQUE;XB4BA42 SCHNEIDER;1;
349;3;CETIQ0001;ETIQUETTE ARRET URGENCE  TELEMECANIQUE;SCHNEIDER ZBY9130;1;
350;3;CROUE0060;ROUE POLYAMIDE BLANCHE CHARIOT GENDARMES;RRF2PUPA125L;1;
351;3;CROUE0010;ROUE HAUTE TEMPERATURE BLANCHE CHARIOT FUMAGE;R0606B;1;
352;3;CSOUF0004;SOUFFLETTE PNEUMATIQUE BLEUE;11017 BOBET;1;
353;3;CRESI0002;RESISTANCE PRECH.SUP.CD6000;72583;1;
354;3;CRESI0004;RESISTANCE MULTIVAC SOUDURE HAUT R5100/ FORMAGE CD6000;MIC035543000;1;
355;3;CRESI0034;RESISTANCE SOUD.BAS R5100;77A16240;1;
356;3;CRESI0035;RESISTANCE FORMAGE R5100;R16-C-2240/0122 7000W 230V;1;
357;3;CCABL0005;CABLE SILICONE 2 X 1.5 SOUPLE;85218034014;1;
358;3;CTEFL0001;TEFLON COUSU SOUDURE VS90.; Y2700075;1;
359;3;CJOIN0008;JOINT SOUDURE R5100 MASQUE;44485624920;1;
360;3;CJOIN0038;MASQUE DE SOUDURE TIROMAT;KG7010155430022S8.4 ALVEOLES;1;
361;3;CJOIN0198;JOINT MASQUE SOUDURE 2 ALVEOLES 2X1 312X440 GEA POWERPACK 661/0315-02 FILM 460MM;ATL1613669000;1;
362;3;CJOIN0201;JOINT MASQUE SOUDURE 3 ALVEOLES 3X1 272X440 GEA POWERPACK 661/0315-02 FILM 460MM;3000421428;1;
363;3;CJOIN0083;SOUDURE MASQUE 4 ALVEOLES S/GAZ R330;MULTIVAC 44400043893;1;
364;3;CJOIN0194;JOINT DE SOUDURE 2 ALVEOLES MULTIVAC R245;107815584;1;
365;3;CJOIN0195;JOINT DE SOUDURE 3 ALVEOLES MULTIVAC R245;107820278;1;
366;3;CRESI0046;RESISTANCE PRECHAUFFE SUPERIEUR CD6000;77A16150;1;
367;3;CRESI0012;RESISTANCE SOUDURE HAUTE LARG.12MM CRYOVAC VS90;Y2524911;1;
368;3;CRESI0011;RESISTANCE SOUDURE BAS CRYOVAC VS90 L.6mm;Réf. Cetal : TPV-76BS-090B-ZCE-2X;1;
369;3;CRESI0010;RESISTANCE SOUDURE BAS CRYOVAC VS90 L.4mm;GOLIATH 1(GRAND) 18488;1;
370;3;CRESI0039;RESISTANCE HAUT FORMAGE R330;CODE3030;1;
371;3;CRELA0026;RELAIS KUHNKE 24V DC VS90.;128027;1;
372;3;CCORN0004;CORNET TORSADEUR HANDTMANN;829389 DIAM.12;1;
373;3;CCOUT0041;COUTEAU SEYDELMAN 2 FACES CONGELES;56A09U1910S4 INDUSTRADE;1;
374;3;CGALE0046;GALET MOLETE CL953 COUPE LISIERE  ADDITIF;310-3001-0;1;
375;3;CPOUL0012;POULIE PLASTIQUE COUPE LISIERE  ADDITIF;94NT152  PAGE 22 REP94;1;
376;3;BARR0005;CD 6000 ;;1;
377;3;CROUE0015;;;1;
378;3;CKIT,0018;KIT DE JOINT;;1;
379;3;CCELL0062;                                                                                                         CELLULE STATION LEVEE R330;85463102504;1;
380;3;CJOINT0093;;;1;
381;3;CKIT,0067;;;1;
382;3;CGUID0010;;;1;
383;3;CCOUT0009;;;1;
384;3;CAXE.0037;AXE SUPPORT ROULEAU FILM INF.;11531840801;1;
385;3;CJOIN0117;JOINT LIAISON OUTILLAGE CD6000;78310020300;1;
386;3;CJOIN0142;JOINT LEVRE MULTIVAC;78310040501;1;
387;3;CBOUL0006;BOULON SYST.LEVEE STATION FORM;11511646200;1;
388;3;CCONT0002;CONTRE COUT.DEC.LONG CD6000;79915301011;1;
389;3;CBRID0003;BRIDE DECOUPE TRANSV.CD6000;106775072;1;
390;3;CBRID0007;BRIDE EN INOX DECOUPE LONG.;11653018091;1;
391;3;CDOIG0005;DOIGT SECURITE L.186MM CD6000;162278;1;
392;3;VIS.0013;VIS CHC M12 X 80 R5100 CD6000;841280;1;
393;3;CKIT.0051;POCHETTE JOINT VERIN MULTIVAC;80209408215;1;
394;3;CJOINT0140;JOINT CARTER POMPE A CHAIR ;843160;1;
395;3;CDOUI0043;DOUILLE D.28 /36X12.5;19410128000;1;
396;3;CROND0057;RONDELLE MULTIVAC CD6000;11540638010;1;
397;3;CBOUL0008;BOULON D16X50 MULTIVAC CD6000  PRECHAUFFE SUPERIEURE;11550646001;1;
398;3;CROND0055;RONDELLE D16.2 / 25X2 MULTIVAC;19717125220;1;
399;3;CDOUI0042;DOUILLE M8/D.25 X 19 MULTIVAC CD6000  PRECHAUFFE SUPERIEURE;11550639000;1;
400;3;CBARR0005;BARRE ;;1;
401;3;CGUID0009;GUIDE DECOUPE TRANS.CD6000;11555957010;1;
402;3;CGUID0009;GUIDE DECOUPE TRANSV./CD6000;11555957010;1;
403;3;CPLAQ0017;PLAQUE APPLICATION ETIQUETTEUSE MR622 MULTIVAC;0556330 NOUVELLE 20015257A;1;
404;3;CCAPT0024;CAPTEUR INDUCTIF 3 FILS S=2MM 10-30VDC BAUMER IFFM08P1701/O1L DEPLACEMENT TIROLABEL;BAUMER IFFM08P1701/O1L/RS 4981751;1;
405;3;CCOUR0100;COURROIE DEPOSE ETIQUETTE SRD;16T5/940DL;1;
406;3;CRESS0001;RESSORT FREIN PAPIER ETIQUETTEUSE  MR113 / MR160;13010;1;
407;3;CFREI0004;FREIN PAPIER ETIQUETTEUSE MR113;15002;1;
408;3;CMICR0001;MICRO-SWITCH C6R06 ETIQ.MR140;0030110 NOUVEL 200150882;1;
409;3;CCOUR0089;COURROIE POUR ETIQUETEUSE MR;210L 050;1;
410;3;CARBR0003;ARBRE DE FREINAGE.;2200;1;
411;3;CCOUR0002;COURROIE TIROLABEL 280M5 LARGEUR 9 MM;7647894;1;
412;3;CRESS0031;RESSORT ETIQUETTEUSE 17.5x1.25 DANS ROULEAU PRESSEUR ALU  MULTIVAC CD6000;0013006/200150355;1;
413;3;CROUE0015;ROUE CODEUSE ISP HEXA APC ;SY3AR014;1;
414;3;CCOUR0041;COURROIE OPTIBELT ZRM T2.5-380  LARG. 6mm ENROULEUR ETIQUETTEUSE MR622 MULTIVAC;25723;1;
415;3;CCOUR0112;COURROIE DEPLACEMENT ETIQUETTE;200150675 MULTIVAC;1;
416;3;CRESS0072;RESSORT BRAS ETIQU.MR622;13021;1;
417;3;CCOUR0040;COURROIE ETIQUETTEUSE MR622 MULTIVAC;105075049;1;
418;3;CCOUR0125;COURROIE VERTE 1020X4.0X1.2MM ETIQUETTEUSE TIROLABEL ASPICS;447531;1;
419;3;CVALV0003;"VALVE A VOIES ""OU"" R330";80273111000 MULTIVAC;1;
420;3;CDOUI0028;DOUILLE ROULEAU TENDEUR R330;11631038045;1;
421;3;CDOUI0029;DOUILLE ROULEAU TENDEUR R330;11631038044 D.12.2/50X20;1;
422;3;CJOIN0095;JOINT FREIN BOBINE FILM R330;80209401030;1;
423;3;CRELA0029;MINI RELAIS MULTIVAC R330;85631512551;1;
424;3;CRESS0091;RESSORT COLLECTEUR R330;19781182000;1;
425;3;CRESS0092;RESSORT COLLECTEUR R330;19781111900;1;
426;3;CMEMB0008;MEMBRANE CHAUFFAGE SUP.R330;19009749420;1;
427;3;CMEMB0007;MEMBRANE FREIN FILM R330;19010049415    100*415;1;
428;3;CMEMB0010;MEMBRANE DECOUPE TRANSV.R330;19009749410;1;
429;3;CMEMB0014;MEMBRANE 100x45 M12 MULTIVAC R245;19010049455;1;
430;3;CMEMB0015;MEMBRANE 80x455 M12 MULTIVAC R245;19010049455;1;
431;3;CMEMB0016;MEMBRANE MULTIVAC R245 ;19010249455;1;
432;3;CMEMB0013;MEMBRANE 80x314 G1/4 MULTIVAC R245;19009845314;1;
433;3;CKIT.0024;KIT VERIN MONTE DECOUPE CD6000;19181271464  R5100;1;
434;3;CROUL0050;RLT DECOUPE TRANSV.CD6000;78532012000-HK2016;1;
435;3;CBOUL0003;BOULON DECOUPE TRANSV.CD6000;11655048500;1;
436;3;CROUL0018;AIGUILLE DECOUPE TRANSV.CD6000;10150001  22209EKJW33 AXE 40;1;
437;3;CROUL0019;RLT DECOUP.TRANSV CD6000;698-2RS INOX;1;
438;3;CBOUL0002;BOULON DECOUPE TRANSV.CD6000;11655048501;1;
439;3;CBOUL0001;BOULON DECOUPE TRANSV.CD6000;11655048502;1;
440;3;CSUPP0021;SUPPORT OUVERT.FACILE CD6000;54221685101 -45°;1;
441;3;CVENT0007;VENTILAT.MOTEUR ENROUL.LISIERE;85811151698 CD6000;1;
442;3;CROUL0159;ROULEMENT 50/65/7;61810  6810NSK;1;
443;3;CSUPP0049;SUPPORT COUT. CIRC. R330/R5100;11551931090;1;
444;3;CKIT.0026;KIT JOINT COUTEAU CIRCULAIRE DECOUPE LONGITUDINALE MULTIVAC CD6000;79919900000;1;
445;3;CKIT.0018;POCHETTE JOINTS REMISE ATMOSPHERE CD6000;19181271484 R5100;1;
446;3;CROND0060;RONDELLE DECOUPE MULTIVAC;19717136020;1;
447;3;CROND0004;RONDELLE DECOUPE TRANSV.CD6000;19717206300;1;
448;3;CROND0005;RONDELLE 6.4*46/2 DEC CD6000;19717206400;1;
449;3;CKIT.0044;KIT JOINT PETIT VERIN DECOUPE;19181271404;1;
450;3;CVERI0033;VERIN CAPOT ECRAN CD6000;100790100;1;
451;3;CECRO0015;ECROU CARRE M6  MULTIVAC;75200520605;1;
452;3;CEXEN0003;EXCENTRIQUE  STATION DE LEVEE SOUDURE MULTIVAC CD6000;11538934020;1;
453;3;CLIMI0001;LIMITEUR DE DEBIT 1/4' MULTIVAC;80272210511;1;
454;3;CBOUC0006;BOUCHON PLAQUE SOUDURE R5100;11550939000;1;
455;3;CCAPU0005;CAPUCHON CAOUTC.B.P MULTIVAC;85451223093;1;
456;3;CRESS0019;RESSORT TENSION FILM MULTIVAC;19784402410;1;
457;3;CVENT0003;VENTOUSE NOIRE DIAM 80;91690802101 MULTIVAC;1;
458;3;CBOBI0012;BOBINE ELECTRO.REXROTH MULTIVA;80260480590;1;
459;3;CBOUL0007;BOULON D'ECARTEMENT MULTIVAC;11533957705;1;
460;3;CMAIL0011;MAILLON CHAINE TRANSPORT MULTIVAC;105949450;1;
461;3;CPIST0003;PISTON D.31/39.8*59 MULTIVAC;11581938067;1;
462;3;CCALE0004;CALE AVANT CHAINE SUPERIEURE MULTIVAC CD6000;11538668000;1;
463;3;CCALE0005;CALE ARRIERE CHAINE SUPERIEURE 9.2 X 18.95 X 78MM MULTIVAC CD6000;11538668001;1;
464;3;CCALE0006;CALE AVANT CHAINE SUPERIEURE 9.2 X 19.45 X 55.40MM MULTIVAC CD6000;11538668002;1;
465;3;CCALE0007;CALE ARRIERE CHAINE SUPERIEURE 9.2 X 19.45 X 55.40MM MULTIVAC CD6000;11538668003;1;
466;3;CCALE0008;CALE AVANT CHAINE SUPERIEURE 9.2 X 49.45 X 88.95 MM MULTIVAC CD6000;11538668004;1;
467;3;CCAPT0005;CAPTEUR VACUOMETRE CD6000;86780500010//106603811;1;
468;3;CCARD0003;CARDAN TAPIS SORTIE CD6000;79520105104;1;
469;3;CELEC0019;ELECTROV.VIDE REXROTH MULTIVAC;80260480510 VIDE;1;
470;3;CCARD0002;CARDAN TAPIS SORTIE CD6000;79520105103;1;
471;3;CECHA0001;ECHAPPEMENT RAPIDE NORGREN: SPWG/85332TYPE: S/510D1.5  10 BARS J14D20;19181272553;1;
472;3;CSOUF0002;SOUFFLET CARDAN TAPIS CD6000;79520105090;1;
473;3;CBLOC0003;BLOC DE VIDE CD6000 70*70*70;11581952001;1;
474;3;CECHA0002;ECHAPPEMENT RAPIDE MULTIVAC;80275111100;1;
475;3;CSUPP0034;PLATINE 3 MINI RELAIS MULTIVAC;85631512530;1;
476;3;CTOLE0007;TOLE ANTI PLIS DOME MULTIVAC CD6000;448099040;1;
477;3;CPINC0003;PINCE FILM MULTIVAC  CD6000 et R245;19541208043;1;
478;3;CRESS0074;RESSORT PINCE FILM MULTIVAC;19781080900;1;
479;3;CINTE0033;INTERRUPTEUR SECTIONNEUR MULTIVAC R245;105712714;1;
480;3;CCAPT0018;CAPTEUR FIN FILM MULTIVAC R245;85463102502;1;
481;3;CINTE0034;INTERRUPTEUR SECURITE MAGNETIQUE MULTIVAC R245;105519939;1;
482;3;CCELL0062;CELLULE STATION LEVEE R330;85463102504;1;
483;3;CCELL0135;BARRIERE PHOTOELECTRIQUE SICK MULTIVAC R245;107131577;1;
484;3;CDIST0016;DISTRIBUTEUR 2x3/2 24V MULTIVAC R245;105401183;1;
485;3;CDIST0017;DISTRIBUTEUR 2x3/2 24V MULTIVAC R245;105401184;1;
486;3;CDIST0018;DISTRIBUTEUR 5/2 MULTIVAC R245;105399468;1;
487;3;CDIST0019;DISTRIBUTEUR 5/2  24V MULTIVAC R245;105399469;1;
488;3;CDIST0020;DISTRIBUTEUR 5/2 MULTIVAC R245;105399466;1;
489;3;CCART0079;CARTE 4 ENTREES DIGITAL 24V DC MULTIVAC R245;105438498;1;
490;3;CCART0080;CARTE 4 SORTIES DIGITAL 24V DC MULTIVAC R245;105438483;1;
491;3;CCART0081;CARTE 8 ENTREES  DIGITAL 24V DC MULTIVAC R245;86840060003;1;
492;3;CCART0082;CARTE 8 SORTIES DIGITAL 24V DC MULTIVAC R245;86840100003;1;
493;3;CPRES0016;PRESSOSTAT 1 NO 24V DC MULTIVAC R245;106026303;1;
494;3;CRELA0063;MODULE RELAIS MULTIVAC R245;107261018;1;
495;3;CRELA0062;RELAIS 24V 6A MULTIVAC R245;85631512540;1;
496;3;CROUE0059;ROUE D160 MULTIVAC R245;105395650;1;
497;3;CCABL0028;CABLE LUMBERG 10M M12 COUDE 8 PINS VERIN MONTEE POSTE SOUDURE MULTIVAC R245;RKWT828210M;1;
498;3;CFREI0023;SABOT DE FREIN FILM MULTIVAC R245;11531963940;1;
499;3;CGUID0027;ROULETTE DE GUIDAGE MULTIVAC R245;105754003;1;
500;3;CPOIN0016;POINCON MULTIVAC R245;11555962703;1;
501;3;CELEC0065;ELECTROVANNE DISTRIBUTEUR 2/2 0-10BAR 24V IP65 G3/8Z MULTIVAC R245;80260113040;1;
502;3;CFILT0070;FILTRE PARKER 0.01YMK030AA MULTIVAC R245;80421201601;1;
503;3;CREGU0014;REGULATEUR PRESSION G3/8 0-6 BAR MULTIVAC R245;107305984;1;
504;3;CSILE0010;SILENCIEUX R3/4Z SIKA B200Z3500 MULTIVAC R245;80291114200;1;
505;3;CDIST0029;DISTRIBUTEUR VENTIL 2x3/2 ELEKTR 2.5-10 BAR 24V IP65 GRUNDPLATTE MULTIVAC R245;105401183;1;
506;3;CTORI0142;JOINT TORIQUE SILICONE ROUGE BRUN 60SHORE D3.2MM;105849064 MULTIVAC;1;
507;3;CKIT.0067;KIT DE 4 AIMANT ET 4 ;107194053;1;
508;3;CBAGU0082;BAGUE GRADUEE DECOUPE TRANSVERSALE MULTIVAC R245;11555937300;1;
509;3;CCABL0030;CABLE RACCORDEMENT VERIN MONTEE SOUDURE MULTIVAC R245;105655318/MURR7000-17061-;1;
510;3;CECRO0017;ECROU DECOUPE TRANSVERSALE MULTIVAC R245;700A996 GEA;1;
511;3;CRELA0065;RELAIS STATIQUE MULTIVAC R245;SIEMENS 3RF2330-1DA44-1KM0;1;
512;3;CPALI0022;PALIER 12x14x10 XSM SANS COLLERETTE MULTIVAC R245;SNI 510-608 LDZ;1;
513;3;CJOIN0190;JOINT LEVRE 24x14x8 NBR MULTIVAC R245;78310014240;1;
514;3;CPIST0014;PISTON D.40 BLOC VAPEUR R5100;80209101020;1;
515;3;CPONT0001;PONT DIODE MOTEUR R5100;85811151051;1;
516;3;CELEC0009;ELECTROVANNE VAPEUR R5100;80260211000;1;
517;3;CJOIN0110;JOINT PISTON BLOC VAPEUR R5100;80209401010;1;
518;3;CRESI0027;GENERATEUR VAPEUR MULTIVAC;85662111020;1;
519;3;CCELL0098;CELLULE PHOTELECTRIQUE DATASENSOR MULTIVAC R5100;DAT952001040 S50 PR 5 B01 PP;1;
520;3;CVALV0004;"VALVE DE DISTRIBUTION ""ET""";80274111000 MULTIVAC;1;
521;3;CKIT.0015;KIT JOINT BLOC VANNE VAPEUR;19181271444 MULTIVAC;1;
522;3;CTUYA0004;TUYAU VAPEUR LW 5*3.5  R5100;81810172000;1;
523;3;CJOIN0028;JOINT CLOCHE ISOLAT.COSSES;81810200420  MULTIVAC;1;
524;3;CRESS0002;RESSORT AD.39.8 L.61 MULTIVAC;19781384000;1;
525;3;CKIT.0019;POCH. JOINT VANNE PRINC.CD6000;19181271464  R5100;1;
526;3;CMANO0007;MANO CONTACT R5100;80286110210;1;
527;3;CFIN.0032;MICRO-CONTACT ROUE ELLIP.R5100;85461221010;1;
528;3;CVENT0002;VENTOUSE TRANSP. DIAM.50;91690802010;1;
529;3;CPIST0010;PISTON VANNE VIDE CD6000;11581938051;1;
530;3;CAIMA0003;AIMANT SECURITE CYLINDRIQUE R5100;85463101001;1;
531;3;CFILT0044;FILTRE RC 230 VAC CONTACT;86311513003;1;
532;3;CDETE0006;DETENDEUR AIR MULTIVAC R5100;80431211541;1;
533;3;CCELL0041;DETECTEUR POSITION MULTIVAC R5100;85463101550;1;
534;3;CBAGU0048;BAGUE ROULEAU GUIDAGE MULTIVAC;11431838500;1;
535;3;CFIN.0022;MICRORUPTEUR ROUE ELLIPTIQUE;85461221000 R5100;1;
536;3;CDOUI0022;DOUILLE PLAQUE SOUDURE MULTIVAC R5100;11550936010;1;
537;3;CRESS0032;RESSORT PLAQUE SOUD.R5100;19781202000;1;
538;3;CBOUT0027;BOUTON MULTIVAC R5100 CD6000;19186241104;1;
539;3;CSOND0001;SONDE THERMOCOUPLE 2 FILS MULTIVAC;86910051411 LONG200 cm;1;
540;3;CBOUT0028;B.P A ACCROCHAGE MULTIVAC;19186231104;1;
541;3;CTETE0027;TETE ELECTROVANNE LUMINEUSE MULTIVAC;85123291120;1;
542;3;CLEVI0002;LEVIER SERRAGE ENROULEUR MULTIVAC  R5100 CD6000;75851101009;1;
543;3;CBAGU0003;BAGUE PVC 26.1*20.4/LARG8 TENDEUR FILM MULTIVAC CD6000 R5100;19410120000;1;
544;3;CDOMI0003;DOMIMNO PORCELAINE BIPOLAIRE;86703;1;
545;3;CGUID0011;GUIDE GLISSEMENT EN U R5100;11511897000;1;
546;3;CPIED0002;AMORTISSEUR CD6000;653284210 MADO;1;
547;3;CCELL0107;CELLULE  IFRM06N1701L R330;IFRM 06 N 1701/L BAUMER;1;
548;3;CENCL0003;ENCLUME CD6000;49059850200;1;
549;3;CVANN0023;VANNE VAPEUR/VIDE COMPL.R5100;11781812503;1;
550;3;CBLOC0009;BLOC REMISE ATMO CD6000;11581934524;1;
551;3;CMEMB0004;MEMBRANE FORMAGE R5100;19010949590;1;
552;3;CMEMB0005;MEMBRANE DE SOUDURE MULTIVAC R5100;19010049590   100*590;1;
553;3;CELEC0032;ELECTROVANNE MULTIVAC R330;80260480601;1;
554;3;CPIST0013;PISTON COMPL.VAPEUR R330;11581119002;1;
555;3;CRACC0019;RACCORD PNEUMATIQUE R330;81141843303;1;
556;3;CVALV0002;VALVE PNEUMA.MULTIVAC R330;80255211221;1;
557;3;CDOMI0002;DOMINO OUTILL.FORMAGE R330;85151114003 BARETTE;1;
558;3;CPIGN0030;ENTRAINEMENT COUTEAU LONG.R330;19555224205;1;
559;3;CRESI0038;RESISTANCE POINCON 300W R330;85662111030;1;
560;3;CDEBI0003;DEBITMETRE MULTIVAC R330;80431320100;1;
561;3;CELEC0029;ELECTROVANNE MULTIVAC R330;80260480550;1;
562;3;CELEC0063;DISTRIBUTEUR 3/2 NW14 1A10 BARS 24V IP65 G1/2 MULTIVAC R330;80260224023;1;
563;3;CVALV0001;VALVE PNEUMA.MULTIVAC R330;80255211301;1;
564;3;CCONT0040;CONTACTEUR SIEMENS SIRIUS  5.5KW;3RT2026-1AP00 230V;1;
565;3;CELEC0028;EV MULTIVAC R330 OU CD6000;80260480540;1;
566;3;CCOUR0054;COURROIE TAPIS SORTIE R330;79633206881;1;
567;3;CCOUR0055;COURROIE TAPIS SORTIE R330;79633206881;1;
568;3;CCOUR0059;COURROIE CODEUR AVANCE R330;79634212091;1;
569;3;CCART0032;CARTE ENTREE R5100/CD6000;8,69E+12;1;
570;3;CCART0047;CARTE RELAIS MC MULTIVAC;86850110001;1;
571;3;CCART0062;CARTE ENTREE 32 PLOTS;86850060002;1;
572;3;CCART0044;CARTE MODULE TEMPS MULTIVAC;86850080000;1;
573;3;CCELL0008;BARRIERE LUMINEUSE CD6000;MULTIVAC 107131577;1;
574;3;CCART0037;CARTE I/O RELAIS R330;86850070013;1;
575;3;CCART0041;CARTE ENTREE MC96 R330;86850060030;1;
576;3;CCART0046;CARTE MULTIVAC;86850080100;1;
577;3;CKIT.0035;ECHAPPEMENT RAPIDE MULTIVAC R330;19181271284;1;
578;3;CBUSE0004;BUSE FIL NETTOYAGE MAURER;16436 FESIA;1;
579;3;CJOIN0094;VERIN TROU EVAC/GAZ R330;80209401130;1;
580;3;CLEVR0070;JOINT LEVRE 0045/0055/0007 SL;78310345550 MULTIVAC;1;
581;3;CKIT.0036;JOINT VANNE VIDE R330;19181271700;1;
582;3;CJOIN0111;JOINT SILICONE 5X4 MULTIVAC CONTRE COUTEAU PRECHAUFFE CD6000;81863150800;1;
583;3;CELEC0030;ELECTROVANNE MULTIVAC R330;80260112304;1;
584;3;CPRIS0009;PRISE MALE 12 PLOT R330;11686016204;1;
585;3;CPRIS0010;PRISE MALE 6 PLOTS R330 CD6000;11686005500;1;
586;3;CPRIS0012;PRISE MALE OUT.FORM.INF R330;11650018500;1;
587;3;CPRIS0017;PRISE SOUDURE SUP R330 ET CD6000;MULTIVAC 11686016200;1;
588;3;CGUID0010;GUIDE BARRE DE MONTEE R5100;11511816003;1;
589;3;CRESS0124;BRAS ENROULEUR LISIERES R330.;19784201800;1;
590;3;CBOUL0004;BOULON FREIN FILM R330;11531841002;1;
591;3;CCOUR0056;COURROIE MC DRIVE R330;79633305071;1;
592;3;CRELA0030;MINI RELAIS MULTIVAC R330;85631512603/105015596;1;
593;3;CBUSE0007;BUSE REINJECTION GAZ R330;11450848520;1;
594;3;CPOIN0009;POINCON INJECTION GAZ R330;11555962800;1;
595;3;CRESS0089;RESSORT VANNE VIDE R330;19781424900;1;
596;3;CTETE0028;TETE POINCON INJECTION R330;11555962900;1;
597;3;CRELA0022;MINI RELAIS KACO MULTIVAC;85631512550;1;
598;3;CMEMB0009;MEMBRANE OUTIL.SOUDURE R330;19010049460;1;
599;3;CCELL0060;CELLULE INDUCT.DECOUPE R330;85463101203;1;
600;3;CCELL0061;CELLULE VERIN DECOUPE R330;85463101200;1;
601;3;CRESS0088;RESSORT TENSION FILM R330;19785010000;1;
602;3;CAIMA0008;AIMANT D.48 POUR EXTRACTION;11550812003;1;
603;3;CPIST0012;PISTON VIDE D40/49.9X76 UV30 MULTIVAC R330;11581938066;1;
604;3;CCOUT0020;COUTEAU TRANSVERSAL 2 VOIES 190x23.8x3 MM DOUBLE BISEAU CD6000;1213W00014;1;
605;3;CCOUT0021;COUTEAU TRANSVERSAL 3VOIES 120.6x23.8x3 MM MULTIVAC CD6000;1213W00015;1;
606;3;CAS..0002;AS DE CARREAUX CD6000 R330;79935811091 PONOT : FS1008-1;1;
607;3;CCOUT0053;COUTEAU FENTE FORMAGE MULTIVAC CD6000;79913201030;1;
608;3;CCOUT0098;COUTEAU LAME DROITE 122x23.8x3MM DOUBLE BISEAU MULTIVAC R245;79913512200/PONOT;1;
609;3;CCOUT0013;COUTEAU CIRCULAIRE 105X75X1.2  2 BISEAUX MULTIVAC CD6000;79915301600;1;
610;3;CCOUT0022;COUTEAU OUVERTURE FACILE MULTIVAC CD6000;79912816400;1;
611;3;CCOUT0097;COUTEAU CIRCULAIRE 102X70X1.2MM MULTIVAC R245;79915200803;1;
612;3;CDEMI0007;DEMI AS DE CARREAU 18 X 18 X 23.8MM MULTIVAC;79935811022;1;
613;3;CAMOR0003;AMORTISSEUR SILICONE POUR MULTIVAC R330;AM19200/11555170020;1;
614;3;CCOUT0047;COUTEAU 23.8x3x192 MM DECOUPE TRANSVERSALE MULTIVAC R330;79913519200;1;
615;3;CDEMI0009;DEMI AS 18/14/23.8 MULTIVAC CD6000;HS1008-2/OCC 057215080050;1;
616;3;CCOUT0094;POINCON OVALE 50x8x12 MULTIVAC R245;106542668/OCC 057215010000;1;
617;3;CCOUT0045;DOUBLE DEMI COUTEAU CIRCULAIRE MULTIVAC R5100;79915200941/105808754;1;
618;3;CCOUT0095;POINCON PERFORATION 50MM D8 MULTIVAC R245;106513175/OCC057215010020;1;
619;3;CCONT0084;AR210 ELIONA;;1;
620;3;CCOUT0026;LAME TIROMAT 2VOIES;REFPONOT:12130600. NE PLUS ACHETER;1;
621;3;CDEMI0002;DEMI AS DE CARREAU TIROMAT;6195546 PONOT HS4004-2;1;
622;3;CAS..0001;AS DE CARREAU 22x20x23.7 MM TIROMAT;6195545  PONOT FS4004-1;1;
623;3;CGUID0023;GUIDE OUTILLAGE MULTIVAC;11511846500;1;
624;3;CPLAQ0030;PLAQUE DE GUIDAGE DECOUPE TRANSVERSALE MULTIVAC CD6000;11555957503;1;
625;3;CPLAQ0031;PLAQUE DE GUIDAGE DECOUPE TRANSVERSALE MULTIVAC CD6000;11555957504;1;
626;3;CROUL0030;ROUE STAB FENWICK L10;6207 DDU;1;
627;3;CROUL0151;ROULEMENT 12/28/08;6001 2RS1;1;
628;3;CROUL0034;ROULEMENT 17/35/10 6003 2RS;6003 2RS;1;
629;3;CROUL0004;ROULEMENT 15/32/09 6002 2RS;62300 2RS1;1;
630;3;CROUL0010;ROULEMENT 10/26/08 6000 2RS;6000 2RS;1;
631;3;CROUL0038;ROULEMENT 20/42/12 6004 2RS;6004 2RS1;1;
632;3;CROUL0193;ROULEMENT 25/47/12;6005;1;
633;3;CROUL0029;ROULEMENT 30/55/13 6006 2RS;6006 2RS;1;
634;3;CROUL0105;ROULEMENT 35/62/14;6007 2RS;1;
635;3;CROUL0014;ROULEMENT 12/32/10 6201 2RS;6203 2RS;1;
636;3;CROUL0035;ROULEMENT 10/30/09 6200 2RS;6200 2RS;1;
637;3;CROUL0013;ROULEMENT 15/35/11 6202 2RS;6202 2RS;1;
638;3;CROUL0012;ROULEMENT 17/40/12 6203 2RS;6203 2RS;1;
639;3;CROUL0007;ROULEMENT 20/47/14 6204 2RS;6204 2RS1;1;
640;3;CROUL0006;ROULEMENT 25/52/15 6205 2RS;6205 2RSI;1;
641;3;CROUL0021;ROULEMENT 30/62/16 6206 2RS;6206 2RS1 OU ET ;1;
642;3;CROUL0122;ROULEMENT 25/52/27;GRAE 25 NPPB;1;
643;3;CROUL0204;ROULEMENT LINEAIRE DIAM.30;LBBBR30LS;1;
644;3;CROUL0212;ROULEMENT 6006 INOX 2RS;6006H2RS;1;
645;3;CROUL0157;ROULEMENT 6007H 2RS1 INOX TORSIONNEUR VF200/VF300 ESSOREUSE KRONEN AXE ROTATION;6007H 2RS1 INOX;1;
646;3;CROUL0103;ROULEMENT 25/47/12 6005H INOX;24143S TAB7 REP4;1;
647;3;CROUL0221;ROULEMENT INOX ETANCHE 6206;HK3518RSL271;1;
648;3;CROUL0015;ROULEMENT 25/52/15 6205;6205 2ZC3;1;
649;3;CROUL0020;ROULEMENT 30/62/16 6206 2ZC3;78547002001  RNA2202 2RS;1;
650;3;CROUL0084;ROULEMENT INOX 6004H 2RS;6004H 2RS INOX;1;
651;3;CROUL0083;ROULEMENT 6000H INOX 10/26/8;6000H 2RS INOX;1;
652;3;CROUL0170;ROULEMENT 6002H 2RS INOX;6002H 2RS INOX;1;
653;3;CROUL0158;ROULEMENT 6003H 2RS1 INOX;6203H 2RS1 INOX;1;
654;3;CROUL0118;ROULEMENT 20/47/14 6204H INOX;6204 H 2RS ROULEMENT INOX ;1;
655;3;CROUL0214;ROULEMENT 17/40/12 6203H 2RS1;6203H INOX;1;
656;3;CROUL0156;ROULEMENT 6201H 2RS1 INOX;6201 H 2RS1 INOX;1;
657;3;CROUL0213;ROULEMENT 10/30/09 6200 INOX;6200H INOX;1;
658;3;CROUL0209;ROULEMENT JEU AUGMENTE 6203;6203 2RS C3;1;
659;3;CROUL0104;ROULEMENT 08/22/07 608H INOX;608H 2RS1 INOX;1;
660;3;CROUL0033;ROULEMENT 08/22/07 608 2RS;608 2RS1;1;
661;3;CBARR0007;;;1;
662;3;CRESS0078;RESSORT;;1;
663;3;CMICR0003;MICRO SWITCH COMPLET AVEC SUPP;0030117 MR113  MR622;1;
664;3;CVERI0016;VERIN ETIQUET.CD6000;1321602000 BRAMMER;1;
665;3;CCABL0029;CABLE LUMBERG 10M M12 COUDE 8 PINS VERIN MONTEE POSTE SOUDURE MULTIVAC R245;MURR 7000-17061-2921000;1;
666;3;CJOINT0158;JOINT COUVERCLE CUTTER;;1;
667;3;CMEMB0016;MEMBRANE MULTIVAC R245;19009849455;1;
668;3;CELEC0031;EV REMISE ATMOSPHERE MULTIVAC R330;80260112304;1;
669;3;CLAME0003;RESSORT LAME SCHAD;RUBAN M42 2060x20x0.9 10/14//11558545;1;
670;3;CPOUL0007;POULIE MOTRICE INJECT START;127020;1;
671;3;CPOUL0008;POULIE RECEPTRICE INJECT START;REF.RADIOSPARES 1885509;1;
672;3;CCOUR0007;COURROIE 37*10*900 VARI INJECT;7647894;1;
673;3;CRELA0050;RELAIS FINDER 24VCC VS90;RXN41G12P7 TELEMECANIQUE;1;
674;3;CROUE0030;ROUE RESIST.SOUD.HAUTE VS90.;SEPT REF SIB341;1;
675;3;CAXE.0005;AXE COMPLET TRIEUR WEBER.;131904;1;
676;3;CAXE.0040;AXE TAPIS WEBER;7041060;1;
677;3;CCABL0017;CABLE MOTEUR WEBER;7147337 WEBER;1;
678;3;CCADR0001;CADRE ERTALON PORTE COUT.WEBER;7045442;1;
679;3;CCART0015;CARTE MPSI TRANCHEUR WEBER;7041022 SN2660191;1;
680;3;CCART0020;CARTE ALIM VARIATEURS WEBER.;100558;1;
681;3;CCABL0016;CABLE TACHY POUR WEBER;100611 WEBER;1;
682;3;CCAPT0020;CAPTEUR SECURITE SCHMERSAL BNS 260-11ZG-L POLYCLIP FCA160;101184391;1;
683;3;CCART0072;CARTOUCHE GRAISSE WEBER;280204;1;
684;3;CCONT0022;CONTRE LAME TRANCHEUR WEBER.;LC1D12B7 SCHNEIDER;1;
685;3;CDIST0015;DISTRIBUTEUR  VUVG-LK14-B52-T-G18-1R8L-S TRANCHEUR WEBER;FESIA 169019;1;
686;3;CRELA0014;MINI RELAIS VS90.;48637R/0148072;1;
687;3;CCLAP0006;CLAPET ANTI RETOUR HGL3/8QS8 TRANCHEUR WEBER;FESTO 530043;1;
688;3;CCLAP0007;CLAPET ANTI RETOUR HGL 1/4 QS8 TRANCHEUR WEBER;FESTO 530041;1;
689;3;CBOUT0046;BOUTON POUSSOIR ROUGE SCHMERSAL;CODE ARTICLE : 101163555 NDTRT;1;
690;3;CJOINT0145;JOINT 6/2,2X900 T=6,3 0,8RAST 70 natur stoffgemustert;81866101481;1;
691;3;disjoncteur;disjoncteur moteur GV2ME10 schneider electric;;1;
692;3;CARTE SANS REF;CARTE SANS REFERENCE;;1;
693;3;GVAN11;;;1;
694;3;RHKA7;PLAQUE SUPPORT 30X7X155 T3 4,0;11555962202;1;
695;3;TBEE2;JOINT TORIQUE 24X3;78301024300;1;
696;3;TBKD3;JOINT TORIQUE 132 X 3;78301132300;1;
697;3;CAP204 FB;;;1;
698;3;CCORP0005;CORPS INTERRUPTEUR ;ZCMD21;1;
699;3;CJOINT0014;JOINT AH 18;;1;
700;3;CJOINT0009;JOINT PROFIL DROIT SILICONE BLANC 4.5x12x7 SOUDURE MULTIVAC R5100;81865000020;1;
701;3;CJOINT0006;JOINT SILICONE 3,2 MULTIVAC R5100 CD6000 R330;81861121032;1;
